{"cameraMode":{"drawMode":0,"name":"Shaded","section":"Shading Mode"},"sceneLighting":true,"audioPlay":false,"sceneViewState":{"showFog":true,"showMaterialUpdate":false,"showSkybox":true,"showFlares":true,"showImageEffects":true,"showParticleSystems":true},"in2DMode":false,"pivot":{"x":2.8499999046325685,"y":1.9689581394195557,"z":6.0289998054504398},"rotation":{"x":-0.11981918662786484,"y":-0.05745231732726097,"z":0.006946612615138292,"w":-0.9911143183708191},"size":5.312118053436279,"orthographic":false}